UserID,UserNo,Name,Email,IP Address,Unique ID,Started date,Started time,Ended date,Ended time,Local Authority Name,Q1.1. Agent/Designer,Q1.2. Applicant,Q1.3. Contractor,Q1.4. Other (please specify):,Q2.1. To discuss your proposal before applying for a building warrant,Q2.2. To make an application for a building warrant,"Q2.3. During construction, including submission of a completion certificate",Q2.4. Other (please specify):,Q. Please select a local authority,Q. Please select the local authority that your response relates to,Q. fffff,"Q3. Thinking of your engagement with [question(16082428)][variable(la)] Building Standards from beginning to end, how satisfied were you that the time taken to deal with your application or enquiry met the timescales that you were promised?",Please explain your answer:,Q4. How would you rate the standard of communication provided by [variable(la)] Building Standards service following your initial contact or once your application had been submitted?,Please explain your answer:,Q.1. Quality of the information provided,Q.2. Service offered by staff,Q.3. Time taken to respond to any queries or issues raised  [question(16146708)],Q.4. Please explain your answers:,Q5. To what extent would you agree that you were treated fairly by [variable(la)] Building Standards?,Please explain your answer:,"Q6. Overall, how satisfied were you with the service provided by [variable(la)] Building Standards?",Please explain your answer:,"Q7. If you have any other comments about your experience, please use this space to leave these:
Please note that we are unable to reply to specific cases, if you would like to discuss your experience further, please contact the Council directly."
181180027,1,,,,,15/12/2021,36:41.5,15/12/2021,36:57.2,,0,1,1,0,1,0,0,0,-,-,-,1,-,1,-,1,1,1,-,2,-,2,-,-
181180060,2,,,,,15/12/2021,36:59.7,15/12/2021,37:34.8,,0,1,0,0,0,1,0,0,-,-,-,1,Very good,1,Very very good,1,-,-,Local Authority?,1,Very good,1,-,-
181180225,3,,,,,15/12/2021,38:53.4,15/12/2021,39:23.1,,1,1,0,0,0,1,0,0,-,-,-,1,fff,1,ff,3,3,1,ffff,3,ffff,2,ffff,-
181180289,4,,,2a00:23c5:d187:6d00:70c8:8402:ebe9:8ca3,,15/12/2021,39:32.3,15/12/2021,39:51.5,,1,0,0,0,1,0,0,0,-,-,-,2,hhh,1,hhh,1,2,2,hhh,1,hh,2,hh,-
181180333,5,,,2a00:23c5:d187:6d00:70c8:8402:ebe9:8ca3,,15/12/2021,39:53.8,15/12/2021,40:11.7,,1,0,0,0,1,0,0,0,-,-,-,1,jj,2,jj,3,4,4,jj,1,jj,1,jj,jj
181180363,6,,,2a00:23c5:d187:6d00:70c8:8402:ebe9:8ca3,,15/12/2021,40:15.5,15/12/2021,40:33.7,,1,1,0,0,1,0,0,0,-,-,-,1,jj,3,jj,4,4,4,jj,1,jj,2,jj,jj
181265390,7,,,,,16/12/2021,23:09.6,16/12/2021,23:24.8,,1,0,0,0,1,0,0,0,-,-,-,2,-,5,-,1,5,5,-,2,-,2,-,-
185848979,8,,,,,28/02/2022,34:48.5,28/02/2022,35:03.6,Aberdeen City,1,0,0,0,0,1,0,0,1,-,-,1,-,2,-,1,1,1,-,2,-,3,-,-
185930630,9,,,,,01/03/2022,36:47.9,01/03/2022,37:24.1,Renfrewshire,0,0,0,0,0,0,0,0,25,-,-,1,-,2,-,1,2,2,-,2,-,2,-,-
